state,income,mean,median,q025,q975
AK,1,0.04377030303955763,0.04201894427124174,0.021005572797707973,0.0765807053843576
AK,2,0.028386072779281138,0.026790898963534236,0.011913473907256757,0.053730352484413615
AK,3,0.02676332953026039,0.02631571413865845,0.015833246453597676,0.04022696179030494
AK,4,0.023839323219439774,0.023414303930999344,0.012781883587053308,0.03742970415388968
AL,1,0.04275710072507378,0.0422190962410814,0.025738960735800797,0.06282176559978259
AL,2,0.027957356391838804,0.0273211017004209,0.015128252520114295,0.0443209884224907
AL,3,0.0261433273123747,0.02596326410355667,0.01830577626628749,0.03497938033926569
AL,4,0.024335674309103692,0.023915573815479298,0.014910124635845923,0.03609770149630587
AR,1,0.03946237775759911,0.03898809996975455,0.0226659698203124,0.05921330138981116
AR,2,0.02615169643392815,0.025440703681730736,0.012507915901593702,0.04367938655301291
AR,3,0.019301720679939845,0.019079879019002703,0.01209270852023907,0.027756023649549006
AR,4,0.008931754607842131,0.008509253987569559,0.003969203492348374,0.01610015913927133
AZ,1,0.07463945300044518,0.07109408177802283,0.039055049226644205,0.1307627276605286
AZ,2,0.06741316709343378,0.06353384441623575,0.03007912691952373,0.1266048263734128
AZ,3,0.061016983214845284,0.060222458658293634,0.03931186084664965,0.08720576218039851
AZ,4,0.02913550330358408,0.02795560863971709,0.014693458405330725,0.050398376605017364
CA,1,0.08344768095656507,0.08012031028149791,0.046659427334013105,0.13974114716115466
CA,2,0.0705516727882641,0.06633690446736265,0.03352087209911288,0.1311097193322249
CA,3,0.07882963106222401,0.07804739568904859,0.05185154664920671,0.11012838581568375
CA,4,0.05411980884089561,0.05357074258347201,0.033905664792338155,0.0772234565572503
CO,1,0.078941240611528,0.07742008464000182,0.04928248972599295,0.11672808134446466
CO,2,0.05269130218952414,0.05126817575300316,0.030337245429381158,0.08313741363307194
CO,3,0.04856127967764318,0.04826901727400923,0.03598672442829148,0.06265602216007365
CO,4,0.02556528194810445,0.025254721236066036,0.01712620424181678,0.03574339441740515
CT,1,0.04781137132526158,0.04681675472105323,0.02803746442316695,0.07319020149599242
CT,2,0.027879752902864752,0.026924394639547662,0.015285572421201326,0.04578368233769026
CT,3,0.029656355540826393,0.02937070141250394,0.02070812225307678,0.04023179674547738
CT,4,0.020900699307278222,0.0206586782176093,0.01378445474976484,0.029324757553316854
DC,1,4.633836385931809,4.281395208226575,1.760934418387528,9.509326698147957
DC,2,4.547019094856706,4.121667477098084,1.5294814022399184,9.951274338560477
DC,3,5.3432948096236945,5.223887226636231,3.083111315725302,8.290317532533397
DC,4,3.890662419740254,3.719146758723376,1.7158136795202008,7.033119364749067
DE,1,0.04484469901587193,0.04159546084870942,0.020689087112659287,0.08743546439519888
DE,2,0.0697160638150858,0.0635620845527583,0.025013406543700985,0.14848579873752232
DE,3,0.050991948905834764,0.04925892128438669,0.0291546450426909,0.08254400536193147
DE,4,0.0430216235015305,0.0408024068901758,0.021512817077140936,0.07662029704429359
FL,1,0.0791006210831392,0.07799676114022659,0.05102187461297255,0.11353848515512438
FL,2,0.053334114080951164,0.05207330110368313,0.0317353795021921,0.08204365438826106
FL,3,0.057991547433259114,0.057787657858367106,0.04424370683658737,0.0727489356369055
FL,4,0.04395339774733984,0.043544997319556494,0.030038069156706954,0.06011867454690916
GA,1,0.05969882419631391,0.058312521541997966,0.03690040842286299,0.0900886534442766
GA,2,0.046480357031432905,0.0452891489271018,0.026569702173531738,0.07304867496295533
GA,3,0.04146724588639103,0.04127032762343141,0.030900748389213833,0.053134164107314884
GA,4,0.023362041987397924,0.023103612620175802,0.015364274769883925,0.0329109718982192
HI,1,0.2222504796036854,0.21154897263905859,0.10127971265337979,0.4063025154169646
HI,2,0.11862075830139857,0.10927184421151036,0.03416536074390614,0.25158502171020597
HI,3,0.07860965775284781,0.07623723417293313,0.04196115986155439,0.12771570870690604
HI,4,0.060490299860728694,0.05833185287251386,0.029061160559283233,0.10432179862040276
IA,1,0.05063725103943292,0.04938534608787075,0.02657541282388163,0.081768369581136
IA,2,0.0315648076479012,0.03029071323993108,0.01434238078272591,0.05587270208945575
IA,3,0.027339466727479077,0.027115281722604342,0.017501678282743734,0.038354847995862223
IA,4,0.020407295418156546,0.01989053048229317,0.009815299563077754,0.033902724585351755
ID,1,0.09050954922292544,0.08878462391417756,0.04908130739060787,0.14149931682095115
ID,2,0.03962288265889657,0.03824336886395863,0.018776677403360063,0.06844947483198141
ID,3,0.031367278911057776,0.030996584027973922,0.019798275439150238,0.044967977138827206
ID,4,0.024109991167456175,0.023343023538202005,0.011412740079809846,0.04123928462920905
IL,1,0.04623396095555339,0.04462534309309432,0.027166437886957717,0.07468988981576863
IL,2,0.05327871003897921,0.05100180735731758,0.028221083153968086,0.09093691996251235
IL,3,0.05364694335712933,0.052999641570043124,0.03755631906310992,0.07347822280649818
IL,4,0.031078834663576305,0.03036886547694819,0.019418382776988985,0.04659291806503701
IN,1,0.052904664763910314,0.05217785526485594,0.03350686959568873,0.0764057389201437
IN,2,0.0411425184649533,0.040355730677090626,0.024647553360528682,0.062008407186199405
IN,3,0.03926112174714768,0.039127672442663367,0.02993955619922689,0.049302223257736436
IN,4,0.028997517917929674,0.02869080492531246,0.01928503056626246,0.0404272571368569
KS,1,0.04157658588438215,0.04073376293941741,0.023656158405168524,0.06418144013211884
KS,2,0.03141331370010713,0.03054953479480689,0.01660467855747656,0.050908501008693666
KS,3,0.027404622006911947,0.027241419469240434,0.019505322033712667,0.03617327075903129
KS,4,0.020238394481198328,0.019864466326953226,0.012079031895197212,0.030374610664406304
KY,1,0.043611326162153054,0.04309892733613933,0.02846426008844574,0.0617518142129098
KY,2,0.0388123512936963,0.037726933958971684,0.02136422234383182,0.06196514461242812
KY,3,0.03550942032154198,0.035263548404769196,0.02544434426963337,0.04678693988095527
KY,4,0.030893716903681652,0.030163435074457436,0.018974085321366456,0.0464725399223784
LA,1,0.06185353783076361,0.061401116321958465,0.036251413363348375,0.09002265845933329
LA,2,0.02799743897968796,0.026980562763896904,0.01360802421684015,0.048391177100033635
LA,3,0.024453589835839794,0.02407929162434335,0.015131619982423815,0.03578169096864252
LA,4,0.01883997176288358,0.01822520109054592,0.00925464707157154,0.03200292530512856
MA,1,0.06752674240989173,0.06489307401663244,0.03773481802623935,0.11240033104488724
MA,2,0.06942646501661112,0.06656175554370033,0.03698933592788806,0.11822993992424854
MA,3,0.0734706322328869,0.07291978509153252,0.05381951972624586,0.09639197695217777
MA,4,0.04017276318737665,0.039956684557793616,0.02811073977927912,0.053508667840950985
MD,1,0.05764264726897083,0.0543902260748151,0.028879238535409444,0.10447155621116261
MD,2,0.04954257584671088,0.046657729902021536,0.02392060377008685,0.09170450976887305
MD,3,0.048850342862851275,0.04831305372695344,0.033169403938103525,0.06752475918986252
MD,4,0.03658844799041609,0.03643165949742135,0.025321038739668837,0.04889838368631347
ME,1,0.05457272631041105,0.05331309016467364,0.028918511772379484,0.08749459569249515
ME,2,0.034953925736162794,0.03337023583670209,0.015389290993972645,0.0630039050201643
ME,3,0.02549346436639,0.025146186718850695,0.015539184876251616,0.03736766465961983
ME,4,0.015680316230109258,0.015250269843745255,0.007539863646241533,0.026064435405985555
MI,1,0.04303148551479024,0.04227229493211972,0.02697750086807616,0.06329326410758772
MI,2,0.037544665271404765,0.036801594815350086,0.022252358380311314,0.05708677643151795
MI,3,0.03734119836265536,0.037211130742107176,0.028386895948456028,0.04700615206770207
MI,4,0.02763824146079897,0.027394101992488422,0.018715003201118286,0.03801845983457651
MN,1,0.05103739491531942,0.049640531325018486,0.030733019331421738,0.07934712903113603
MN,2,0.052042734761882294,0.050449042930930915,0.02849014359162793,0.08455612313531614
MN,3,0.05204675373579272,0.05168959009720426,0.03776274942181927,0.06839523833866079
MN,4,0.032376251104064384,0.03191845372248815,0.02096462824805591,0.04624089308150809
MO,1,0.046084211297655796,0.04521057692941559,0.02931001253445814,0.06779387583708898
MO,2,0.04203449106123611,0.04119374520435913,0.02437035510570044,0.06434701612747094
MO,3,0.040444704345671455,0.04029653101687407,0.030790512464724615,0.05099605327135031
MO,4,0.026548945941867925,0.02616522248959783,0.017131371203919162,0.038176074462332885
MS,1,0.03839652294896422,0.03800006818697792,0.024668224659057953,0.05440428997327833
MS,2,0.030346663795405484,0.02915952690065001,0.013785485998474616,0.05268271768754489
MS,3,0.021820867774734604,0.021450674861547885,0.01307950808474814,0.03251893858913015
MS,4,0.0176758656156624,0.016281563774817154,0.0072843447605219006,0.034826832034694964
MT,1,0.03936265504042623,0.038214645041975484,0.019835046419757085,0.06553615181180611
MT,2,0.03465603161796085,0.03329018226342979,0.015507497824910956,0.06100067540209828
MT,3,0.023407884960145925,0.023054893769707624,0.014121254310152492,0.03449600389279978
MT,4,0.018151611845490575,0.01731059826042098,0.007893367264580061,0.032692396722694424
NC,1,0.05896574701934874,0.05834076832161297,0.03834277920302971,0.08314448833357008
NC,2,0.04088861827562488,0.040157276509811615,0.024410381813618955,0.06162975122749503
NC,3,0.03802439863628261,0.03788023043660138,0.028741036241452595,0.048157930665595365
NC,4,0.024300354995573457,0.02394886560692949,0.015334666626749215,0.035275857332548066
ND,1,0.037362689088995024,0.03597312518552722,0.018401301089945553,0.06437342722932003
ND,2,0.020157322075377758,0.019223599736109098,0.008794218861853734,0.036898153579549085
ND,3,0.021792492623598038,0.021379311243162932,0.013170234429861417,0.032852528536800714
ND,4,0.020447931037838006,0.019880793974471227,0.010342569937331184,0.033873225611283565
NE,1,0.028516751669368005,0.027857317218618546,0.01463495434678071,0.04609271068495122
NE,2,0.015448383126995754,0.014874941279010876,0.007088093798379787,0.027098040305800323
NE,3,0.01308214660953552,0.012934619214296564,0.00826952880705405,0.01870139623622125
NE,4,0.007742205532475803,0.007501692214433688,0.003612706561674978,0.013223926466916834
NH,1,0.03315011956541963,0.032029331021871686,0.01768560483816785,0.05488211990886992
NH,2,0.027611029307579856,0.026159565050295416,0.012740972169412154,0.05056300130850476
NH,3,0.021227403789036765,0.020887319359305313,0.013468678604770577,0.03078745513046431
NH,4,0.014755452149385968,0.014587810640986557,0.009015540616799808,0.021464836706656335
NJ,1,0.05070912614734702,0.04782734092469254,0.025795280298195774,0.09180175309400909
NJ,2,0.04549567336812959,0.04290555367417094,0.0212230127753247,0.08445850759553092
NJ,3,0.0487058867679604,0.048239042993228454,0.033576973948677744,0.06644186940884547
NJ,4,0.0417728242615183,0.04160854943408472,0.02992321675653497,0.0544951968491437
NM,1,0.047929975881738994,0.04734809378068868,0.027696480464229338,0.07123230235592566
NM,2,0.02809411454763576,0.027128976301797593,0.013330778417222017,0.04859714624992255
NM,3,0.02163815683491837,0.021258913713081667,0.012984485239322342,0.032336063574078124
NM,4,0.01591408501364171,0.015320082235223931,0.007175102887236868,0.02804948760058015
NV,1,0.5302516830560265,0.5167162174422287,0.1015021965675895,1.010596410566728
NV,2,0.23642522585852677,0.21686055351239242,0.08924764516395806,0.49340545149304327
NV,3,0.11853737878405668,0.1130164868613421,0.057452196221905255,0.21087966998506483
NV,4,0.11444619392216143,0.10816486353115987,0.048025854611207675,0.2146582188876491
NY,1,0.07532466914762466,0.07306322914662923,0.04480755409845802,0.118689078162621
NY,2,0.07546657818203702,0.07235323234288643,0.0403686866072442,0.1281488991659318
NY,3,0.08224234563240478,0.08184347178664617,0.05862465695396489,0.10808419964820258
NY,4,0.04137678039840234,0.04063307366526155,0.026388479031044892,0.060252745804348716
OH,1,0.04469690719799288,0.04403199472821201,0.02875261178060982,0.06450642620929146
OH,2,0.03864407858327579,0.037827216368401084,0.022866390654765475,0.059026288058053024
OH,3,0.041282981610805555,0.0411146353214437,0.03128210480280728,0.05211198818408754
OH,4,0.033980908666355496,0.033605399999850134,0.022950517147592508,0.04692790091872502
OK,1,0.03814249750420264,0.03699898445123792,0.021672465817271676,0.06108701509762653
OK,2,0.04286846562960686,0.04179320529338307,0.022792295216539835,0.06921634956825401
OK,3,0.03700762537482564,0.03675524493766764,0.026167686393665852,0.04936729996540358
OK,4,0.024360463730132797,0.023747850671630454,0.01376891830787408,0.0382941533430491
OR,1,0.0522466953516326,0.051406195481235095,0.0332418350566025,0.07608029972514978
OR,2,0.04290044402620557,0.041847895022905535,0.02506427635203434,0.06655745001868067
OR,3,0.04247258761988823,0.04219678208295406,0.03159516412089865,0.05508987129100224
OR,4,0.028323115565096913,0.028017010930145754,0.018998552341232502,0.03944802441662267
PA,1,0.056468474551706824,0.055696382884468223,0.03599208396032298,0.0812035437505465
PA,2,0.04560691342516924,0.04466953295663815,0.027484808448444142,0.06892703456818153
PA,3,0.04586045662812243,0.04568340912728937,0.03511673967440524,0.057553571931935985
PA,4,0.029996146053651782,0.0297043524016474,0.02068537893533724,0.04082791004391522
RI,1,0.2281233260507453,0.2210089277537679,0.11461035371345733,0.3811209052126671
RI,2,0.13334152491380002,0.1262432246079449,0.05999843879992072,0.24525381793169374
RI,3,0.10335213859197812,0.10134849697964124,0.0647238818988076,0.15297924168165145
RI,4,0.053763176735987316,0.05200927460207201,0.03006863167470611,0.0878195098364806
SC,1,0.07603806395244742,0.07528338401021069,0.044707833183302584,0.11147056211190608
SC,2,0.033848841443390086,0.03274527729934037,0.017802924474124775,0.05624795595310499
SC,3,0.02881886862627658,0.028509767716887076,0.019233493764423956,0.040070307135121865
SC,4,0.019709725780944046,0.019148046066447218,0.01059383730730044,0.03207273179355525
SD,1,0.03586235794073234,0.034996967775691196,0.018981500473860064,0.05776454925153336
SD,2,0.02233223593248234,0.02104194011875851,0.00900555160771253,0.0422711554344898
SD,3,0.017348440303170336,0.01710029585185095,0.010118885614859881,0.02593562328106155
SD,4,0.01584255621892335,0.015230076396293177,0.0069822616982197425,0.027861540390925088
TN,1,0.053022879910894646,0.05247573679404911,0.035190037681856426,0.07394512162967107
TN,2,0.0379969464690295,0.03725469786420907,0.022371884002352047,0.05779112585115776
TN,3,0.03646840634953523,0.03630025338235529,0.027292455239022358,0.04662145745410632
TN,4,0.027296739219870428,0.02689872087708238,0.017668121457228222,0.039090356499235354
TX,1,0.06125969181895681,0.05981378199154762,0.038093714339808564,0.09273966020930642
TX,2,0.049657740011328826,0.04791920444370004,0.027814865032714273,0.0811685216278193
TX,3,0.04913200843651688,0.048895575990797066,0.03547086385637986,0.06436004016360411
TX,4,0.03360411670009784,0.03308219047254331,0.021311449376559346,0.048760922418024925
UT,1,0.06673836009109127,0.06520756133957056,0.0384677637510535,0.10351183854018656
UT,2,0.03842078425827549,0.036848011094372954,0.020175166021247817,0.0657269312892986
UT,3,0.038871547858126625,0.03819799165431376,0.025443139976408496,0.05598684215901292
UT,4,0.041678914122228704,0.0412142336648634,0.027260116493404568,0.0587559125150236
VA,1,0.0581390358157004,0.0555719927583729,0.033058377535645424,0.09769110470388999
VA,2,0.05175097796729865,0.04946608895981784,0.02766557951460161,0.08837591536426206
VA,3,0.04639653012129383,0.04608822417658743,0.03369119119437219,0.060617162838263496
VA,4,0.028060776839604704,0.02782199651024754,0.018902169643292083,0.03854212923622905
VT,1,0.055634341606385536,0.05289839453826775,0.026323180882503554,0.10047388987919272
VT,2,0.06620839196522506,0.060652148854139304,0.02303348586793702,0.13784110446059764
VT,3,0.05235924985394417,0.05119530847116335,0.027719773094675996,0.08320377251092177
VT,4,0.04237257508286555,0.04038022109107357,0.016357469590631946,0.07770226458749145
WA,1,0.09329754225558698,0.0914439560650757,0.05875449912850129,0.13815968458745106
WA,2,0.08020532585116347,0.07763144690602836,0.045834317342210704,0.12929973096216196
WA,3,0.06303497065541891,0.062367380574296145,0.04544264167018083,0.08430483891545981
WA,4,0.03192766132342869,0.03141005630862402,0.021268007561340247,0.04536569135015029
WI,1,0.051251948677849234,0.05036944023306289,0.030586384003446928,0.07696589079152184
WI,2,0.03369043846284735,0.032861831346838816,0.019310469717745124,0.052553259723684874
WI,3,0.03297983837074037,0.03281007089341813,0.024452419008724444,0.04236881682517656
WI,4,0.025655432867651387,0.025345868886828587,0.01675068342740339,0.0362960563635063
WV,1,0.05445100795724097,0.05396051753604737,0.03272923104688888,0.07900347608098075
WV,2,0.033499361992413164,0.032406281603975656,0.015975526717729175,0.05704417184080328
WV,3,0.02663777509814861,0.02630330165023126,0.016457290102180177,0.038588137219021726
WV,4,0.02246968466391896,0.02140358125489265,0.010121032574517106,0.040507303600923215
WY,1,0.010075828436664944,0.009560657843858213,0.004763951838218234,0.018341986330633202
WY,2,0.015472994499172037,0.014105797980868171,0.005231860801088413,0.0326351806979675
WY,3,0.010776094832405334,0.010455814457214203,0.0053471415000059894,0.017933788261923003
WY,4,0.00729698866322863,0.006959241232460902,0.002668531013365603,0.01360066768379219
