age,mean,median,q025,q975,state
1,1114.774143233533,1026.1079402958744,403.2347385506584,2317.7650636611497,AK
2,2089.8676575618215,2002.8903629173867,1022.6478028169951,3639.673693484397,AK
3,1599.1444248601344,1537.9424996537555,777.2689049262592,2762.9423557000055,AK
4,684.8533940433006,632.9823527545689,274.29143936911413,1390.038363008366,AK
5,2044.5655596224126,1981.9705164013958,1049.298970469514,3387.1052568455384,AK
1,8657.747593068225,8253.359484192748,4391.979820411369,15124.818683630914,AL
2,11999.556009487635,11603.807194895191,6785.166873577682,19416.376436613114,AL
3,10113.460373885635,9838.938522687436,5881.323914944507,15878.229236216384,AL
4,6167.874551954071,5918.835310739334,3319.191585842122,10428.791513885102,AL
5,15957.944675091643,15662.730722055425,9777.215146556135,23742.818848212202,AL
1,4832.094373597273,4440.798535973192,1785.6066600187833,10047.506848081095,AR
2,8070.510510122218,7656.322598983958,3802.5709255319807,14573.679295945769,AR
3,6990.684722597676,6695.566583375676,3338.5523421557787,12290.721929019403,AR
4,2929.319190237869,2726.0202202052587,1227.7033224921643,5799.595809701131,AR
5,10733.814683953213,10487.816599190644,5654.946588303592,17182.226487774373,AR
1,7862.788638960665,7422.076492304641,3985.539047943067,14302.898848656865,AZ
2,23489.720220897485,22948.365630225635,14279.802528537059,35623.924831708064,AZ
3,11182.507957998085,10700.878124636147,6174.563261025462,18904.13329962788,AZ
4,9279.83036823682,8850.161590352462,4941.140521561795,16043.375531560974,AZ
5,29856.01738450867,29274.541988436977,18954.89651015788,43906.35105160936,AZ
1,55161.87593313554,53185.780211773,31414.895188962204,90355.26475269078,CA
2,154281.68483242852,151488.91853632912,99417.28931652752,224476.0141732203,CA
3,79493.58541736427,76951.25467496345,48263.889236627496,125183.19762595223,CA
4,66624.48847303817,64402.02000561919,39249.464423883794,106699.2375521989,CA
5,164672.1010741311,161619.49173311266,106832.11332496266,239247.03316768174,CA
1,10818.438752104305,10496.316308680882,6216.455760437983,17208.886512493405,CO
2,22632.423021316125,22338.2703890865,15627.928776297184,31224.667309745542,CO
3,15533.136681939948,15314.150919642114,10263.034967376398,22091.25377157791,CO
4,9461.986912505014,9252.078793506478,5826.4528367389685,14338.545970658213,CO
5,21355.451623215286,21140.05529220497,14862.53726070392,29171.090080086735,CO
1,0.0,0.0,0.0,0.0,CT
2,0.0,0.0,0.0,0.0,CT
3,0.0,0.0,0.0,0.0,CT
4,0.0,0.0,0.0,0.0,CT
5,0.0,0.0,0.0,0.0,CT
1,1436.6231741909094,1294.9979292155726,486.83767068662445,3190.3841038967175,DC
2,9155.93131635133,8955.762431856798,5343.627029564294,14061.437758943377,DC
3,3321.409028024984,3132.639485114093,1438.4725391137968,6284.496393747985,DC
4,2153.908451593101,2016.177571195083,930.7533094257116,4145.5212804692455,DC
5,5891.346462599038,5691.453569917163,3056.7534293977374,9849.37621340735,DC
1,3105.0449204469405,2834.5698230158096,1417.7016337320433,6464.140844475898,DE
2,4778.518570994687,4293.855992938385,2057.901540523106,10060.672444925855,DE
3,5077.807059418123,4750.17844407059,2371.0114237955727,9583.017783584522,DE
4,1602.1231525328951,1525.1187517361732,785.8533408286814,2864.5824985152344,DE
5,10018.800059112786,9845.31757770682,5166.515923046523,15938.312713729163,DE
1,43693.82014577894,42442.63493857096,25281.89954761758,69070.87105488016,FL
2,77745.11084451493,76750.12130319516,53579.772145265175,107539.3262887666,FL
3,54180.66370095308,53342.9703119255,36310.047094838505,76648.84146113339,FL
4,47514.20198809776,46452.71117483376,29413.25230224154,71685.96084350749,FL
5,115284.7583085366,114053.27887241187,83119.97934600795,154704.42567244417,FL
1,23704.855973376118,23034.04504178457,13416.627961580221,37683.53558392957,GA
2,33460.21745540486,32893.403655442045,22107.56196921573,48161.893148687144,GA
3,27437.029601158778,26963.645364532596,17600.252699899993,39968.362197903865,GA
4,19145.58443448537,18554.839849705902,11061.080008670304,30663.199338302486,GA
5,36159.46793520101,35754.47752134505,25004.16928405003,49621.515994658126,GA
1,2895.539809845106,2654.325895375877,1029.366097521541,6106.343862013241,HI
2,5293.750658298805,5061.798088443036,2591.9001972487513,9294.269439176627,HI
3,4353.549183249006,4180.618192735863,2144.274449118123,7509.840498656644,HI
4,2286.342492237408,2121.9666118147334,933.0467105446866,4590.973197448772,HI
5,7378.281717714596,7184.700161546336,4018.573534327308,11808.414193240045,HI
1,5308.424805532127,4904.864104965007,1973.9794072320421,10908.038755122858,IA
2,8307.002136165785,7880.754128340626,3903.2864549113515,15014.555950980384,IA
3,7448.410314196483,7145.011733142233,3570.451494402056,13004.979071751988,IA
4,3163.967859850212,2936.693948262415,1297.0398003420041,6341.749651801805,IA
5,11663.274961789333,11406.578916618568,6161.072730205248,18568.760745823387,IA
1,2600.9573233673937,2407.1121457310974,954.5786600131712,5327.542660984365,ID
2,4356.078211872379,4177.224442191484,2135.858261983407,7585.796365627305,ID
3,3589.9838339722032,3454.9017192616775,1792.4110556844241,6136.211655800995,ID
4,1922.1904208927128,1785.0562504694662,789.0355074921603,3839.8059164191036,ID
5,5530.290953713506,5382.61479761108,3012.0470228763616,8861.136355922272,ID
1,20449.056607775925,19944.22618383738,12099.866041127312,31695.28327208822,IL
2,40458.96045992269,39878.56353162498,26915.71858021402,57132.82593193424,IL
3,27447.22517012842,26988.60138182335,17762.92748908892,39737.5018382932,IL
4,18921.960704169967,18468.031554827983,11509.424483638708,28905.674288868402,IL
5,49425.96110427429,48880.061872202015,34587.49755296026,67203.51921038229,IL
1,12912.201519470696,12464.281356915837,7221.021881133374,21072.38272591959,IN
2,19124.844959944672,18644.74917236829,12267.578024945418,28576.187668266553,IN
3,15584.51306431459,15251.169277118284,9754.497789282652,23345.417423047493,IN
4,9316.800388359388,9063.388230939163,5562.183511006597,14529.510327919823,IN
5,23909.694043660566,23616.303775036067,16101.372751624256,33366.970188829764,IN
1,5437.401538496487,5206.828184571645,2829.795810498636,9310.119683831786,KS
2,6829.31670859024,6580.82503836435,3853.804353661286,11170.566432489883,KS
3,6429.766099006874,6261.219229586866,3753.8919493051485,10068.012501037634,KS
4,3237.587844643891,3128.971334240794,1769.537177646014,5332.20627049293,KS
5,8757.580837309652,8600.56125487638,5332.639671251114,13028.608452287948,KS
1,8182.896533814608,7607.903566769392,4070.3131443498355,15653.65834112815,KY
2,14573.02359434491,13799.528066032626,8220.121044929248,24822.9444342836,KY
3,12493.382712975104,11989.857103137281,6764.49241939228,20986.298787017127,KY
4,5291.980030148888,5135.483066511775,3177.49701834803,8268.899631722092,KY
5,19492.019217740384,19093.931533899064,11892.851223833777,29241.54060199314,KY
1,7567.335481708016,6973.712558260928,2763.7857985948035,15744.623652982427,LA
2,12644.455222618266,12156.398405136424,6425.362741178217,21680.292317013478,LA
3,9436.822137608326,9094.088829703272,4845.941332048905,15979.062292427263,LA
4,6084.323054425513,5655.692438022802,2497.9154192732894,12137.206226377864,LA
5,14557.10397600039,14059.070953479526,7820.766369359023,24088.958486657953,LA
1,19571.268840060653,18948.997144154815,10778.162611591351,31965.693850704338,MA
2,25187.900977833422,24689.220426185562,16681.105280265696,36612.92719447112,MA
3,18636.46403358655,18171.216431192777,11634.574769167595,28286.56249823654,MA
4,16503.88491138179,15920.816727687215,9177.865298352992,27125.717824953317,MA
5,29296.286370797177,28827.3787858734,20024.039796360288,41135.348372696055,MA
1,14116.628037572113,13527.349424343956,7111.953098644734,24478.821576017788,MD
2,17257.241601448466,16753.73251746985,10515.531802481677,26851.166771906897,MD
3,15685.240782436604,15237.87693111824,9298.569383925731,24623.08053140375,MD
4,12357.709367961392,11779.926363170769,6131.259353306444,21883.87399390597,MD
5,21170.01948787416,20756.542076092857,14063.962684663962,30601.885911957426,MD
1,2837.045320937034,2570.4605793263536,982.3471593267362,6165.39860774576,ME
2,5284.165138262558,4974.695262040374,2402.0895452877817,9855.957651928802,ME
3,4686.1980141457525,4460.778052187885,2165.134991521755,8474.38410372433,ME
4,2128.2084585830803,1975.862118854663,869.20294361456,4263.115551563011,ME
5,9251.062369574614,9090.023179210035,5030.350497803153,14425.015340417454,ME
1,17587.991571965184,17061.79125729971,10043.959268266446,28049.45043287008,MI
2,27407.083041381546,26859.89119894393,18117.616213802332,39644.25459136941,MI
3,20572.823618871094,20165.84640520258,13117.599984603563,30352.667466674688,MI
4,14105.721199620933,13750.466533944396,8573.873595238912,21670.89827723895,MI
5,38347.6922267693,38023.34560706449,27056.40357390391,51549.69221956656,MI
1,8669.926001021873,8368.358603435447,4957.014632595378,14129.478208047169,MN
2,17626.419379678406,17283.793392617474,11515.047231461029,25595.194735650544,MN
3,13684.899937714958,13417.251508230316,8620.11357624333,20301.4356140311,MN
4,7593.045350409289,7408.042465275066,4609.0785826247175,11616.786437292936,MN
5,23189.813771292113,22975.510854607826,15953.9955371325,31662.64393645751,MN
1,11574.057969716854,11123.559636351129,6417.71605966059,19304.60054092453,MO
2,18471.573535763535,17934.66276860652,11745.8591722871,28139.210020592458,MO
3,15377.176964421975,14989.92010578399,9429.46571336318,23520.833889119316,MO
4,8152.990399546055,7931.2515276993,4865.945402099593,12733.027340317427,MO
5,24640.738354355766,24354.7441225382,16606.637897169527,34282.027524748235,MO
1,4400.866447520445,3936.085839256352,1746.553469999182,9744.670818862289,MS
2,6995.595306137254,6437.617616605647,3026.33811010791,13847.052380400411,MS
3,6987.187893904152,6618.81138452176,3202.3426943303684,12788.725442205883,MS
4,2158.3352689396356,2046.4911439086704,1085.4680751652882,3886.9198689758464,MS
5,9841.443683100688,9541.427009761795,4988.992068853843,16330.968677076191,MS
1,1543.802655401231,1399.1592035653266,541.5720025117556,3379.5749603371714,MT
2,2742.6865151683255,2554.8819839962694,1204.898535512714,5292.849139517827,MT
3,2619.95161001142,2486.601195532024,1161.6166937998578,4822.981725902778,MT
4,793.924474836553,734.4609267853904,320.3453571637458,1604.4127039560337,MT
5,4330.423074660924,4232.218685435304,2216.1929498698187,6991.748579621342,MT
1,17503.75773996261,16618.275254312794,9049.331829118497,30784.958211353493,NC
2,30198.330332395253,29363.3684979328,18910.436480603646,46129.15654181321,NC
3,22413.641632814888,21807.19766090443,13460.134465153704,34777.6131647297,NC
4,14057.663603210534,13586.869018319288,8390.730273116635,22429.927124059406,NC
5,38981.61094275352,38427.335362719285,25370.70670777303,55721.349788292886,NC
1,1640.6670114154958,1517.3942358214065,607.1928312125517,3364.570084566834,ND
2,2448.58410724633,2343.647929786848,1183.612928454266,4304.710557496004,ND
3,1830.1168832107567,1757.9692070439025,887.5561109396677,3172.2781794074663,ND
4,756.6152771823098,693.4191325327567,292.18607861674246,1578.4832816219364,ND
5,2505.750704631972,2431.325684496911,1300.5021943506508,4122.25988313537,ND
1,3117.5728318184156,2881.571851729279,1143.8407087487976,6397.637285360638,NE
2,5060.713271450438,4837.080359383979,2459.073055563677,8898.202004795927,NE
3,4318.10230725523,4157.799847023005,2127.5527947753776,7400.315946077176,NE
4,1988.1869391634652,1845.4045146481858,810.2145354764023,3989.9096185413196,NE
5,6297.546840045379,6155.023821704319,3349.115407049074,10063.185527672596,NE
1,3076.3491244414504,2880.8530106800395,1506.1500107103984,5783.556952280207,NH
2,4744.3970797467255,4467.017469290315,2435.658501059915,8537.782382979969,NH
3,4443.924152921485,4254.59201482585,2358.357517372389,7582.125999908298,NH
4,2121.6069607739923,2045.8763427534923,1146.1928661850654,3517.944959768917,NH
5,7661.546898022299,7530.385281063123,4491.012979201844,11539.88606775472,NH
1,19201.05190636768,18441.849386505102,9871.873574892019,32884.51056647871,NJ
2,24499.082636311123,23892.473854910786,15604.685059115995,36828.582212721754,NJ
3,20299.20362781333,19711.74710005815,12133.801704632757,31748.433177012364,NJ
4,18862.20700002498,18123.284265928996,10181.818823649623,31814.86600457096,NJ
5,30317.342576498213,29762.089693237955,20204.844696023178,43645.36947887392,NJ
1,4240.696269705523,3918.8734164408106,1545.8398141773214,8750.011288700916,NM
2,7026.724261808216,6751.749393681453,3469.84044230982,12128.604658136988,NM
3,5573.607622929001,5375.0412397570835,2787.4967079788003,9469.30676595795,NM
4,2987.426139928871,2770.9164811035507,1216.7827907234955,6009.8358893269,NM
5,9223.155052057571,8958.940694871297,5046.95160158416,14867.022634654191,NM
1,3397.560391718827,3228.3446284120237,1624.0109479962264,6157.134186321774,NV
2,11630.58725758289,11406.617392133552,7278.060502402517,17243.35637322096,NV
3,6154.544037634386,5955.486955075881,3479.8404498534014,9975.585965942426,NV
4,4729.126786324624,4540.924748876327,2539.2672006346165,7987.703661896069,NV
5,14311.761719638842,14066.627057753336,9230.383819422384,20689.312651966633,NV
1,33788.08759585068,32933.25679865223,20023.37600100587,52308.96545044021,NY
2,79666.11620767595,78520.68232614952,53064.13602414879,112537.20513135774,NY
3,45219.35368743231,44311.656140135616,29125.992856663393,66466.7112133805,NY
4,34681.69053817915,33830.10953960457,21280.07205149951,53012.42696096992,NY
5,95183.99161101904,93998.00757345767,66251.22830067252,130408.82609262694,NY
1,19116.416953681623,18411.7539309786,10797.74083337486,31422.27999788088,OH
2,35638.39015307158,34879.977701463766,23372.832185443018,51959.16952559659,OH
3,25762.141598256807,25208.621959863325,16168.487320585977,38565.83670207173,OH
4,16090.622171270083,15708.793916100014,9951.26608786691,24370.887471761846,OH
5,47365.592884475634,46863.942920835434,32868.59322651563,64746.43400018455,OH
1,6473.435236442062,6014.813489524538,3334.403031126089,12321.639566463093,OK
2,12313.725726847746,11798.080273010364,7154.456644285928,20225.94616617968,OK
3,10102.005248441359,9731.208335528558,5540.6508812778075,16731.39854611184,OK
4,3798.6005701443864,3689.2240948878643,2217.553370378578,5988.917816526996,OK
5,15492.320000650541,15197.511680735388,9602.318503819652,23006.1594240746,OK
1,8371.48653460721,8098.808501866071,4737.599216709742,13527.791399598524,OR
2,16474.808120484307,16176.144286136183,11009.22020748602,23565.027826858583,OR
3,12866.224983654856,12640.499066765373,8329.204276162434,18764.612556661043,OR
4,7765.877604557682,7589.354900156333,4782.778837066831,11778.793893844391,OR
5,20449.54987230155,20253.45963212104,14182.365315725128,27871.075744282214,OR
1,22477.12723573656,21797.069352999584,12864.343394637312,35861.610582190006,PA
2,38227.42990415964,37611.74143927223,25778.105058246016,53948.76684228598,PA
3,27651.65057558461,27189.34049875532,18064.16571024026,39899.4793768841,PA
4,19752.529763756138,19247.342426794392,12015.161487403971,30360.8040018983,PA
5,52166.70919319533,51672.75250661277,37107.83279331965,70091.09128058246,PA
1,2056.4633866675845,1987.736687701149,1092.4014347485434,3407.627083085319,RI
2,3785.325159396354,3713.484975079513,2365.9529765874477,5609.655411446248,RI
3,2129.7922212334943,2069.0712867157636,1241.0009402825397,3349.510391804923,RI
4,1925.1112567503328,1864.436756963024,1064.117976352419,3127.1309665250033,RI
5,4830.4185270120815,4755.535251817517,3166.6487408529674,6927.107163572405,RI
1,8905.105680564371,8289.346294428733,3776.4193311477297,17485.062869766807,SC
2,13103.908187541663,12627.23593795794,7014.238248181522,21979.44060660683,SC
3,9857.079958817094,9525.46017493417,5456.957248345699,16094.557353700608,SC
4,7186.00025141998,6754.134243796445,3427.6451938356463,13415.971396313818,SC
5,17445.938614222072,16949.90413121164,10126.687856501998,27631.091341325817,SC
1,1136.8517079942549,1013.8449122927419,374.25223263931923,2603.5921968986627,SD
2,2035.894664629916,1892.9263468190195,873.4916747453034,3962.859597916113,SD
3,1883.5769132506719,1784.1635545317517,834.4387497931493,3479.0197096760794,SD
4,563.3724451589952,522.513744626147,228.22748040318655,1136.633428332832,SD
5,2825.09314942142,2745.2606406784125,1411.801482333049,4687.963863925041,SD
1,10637.147886192623,10156.768186211095,5824.4131291131935,18235.06573452065,TN
2,20781.545154692572,20218.71950991814,13334.866730639093,31219.902836325306,TN
3,15204.13655740143,14796.774997416895,9241.181165604643,23488.523098781345,TN
4,8613.264441013951,8396.012559722272,5299.870990648238,13158.360131276891,TN
5,25756.838376183438,25438.465988858035,17080.1364846402,36259.737949899354,TN
1,42684.25274781198,41581.50572054302,25363.101842478907,65911.31071941747,TX
2,92853.35509712964,91682.41637791693,63014.57542353237,129412.90685201225,TX
3,58687.693980327545,57681.312288522684,38488.15640952886,84558.78111935628,TX
4,40419.87344370274,39455.01749304692,24884.100354916598,61406.56912914852,TX
5,89929.23419398657,88724.68390020702,61712.19888668082,124561.64775858878,TX
1,4874.566423518349,4652.371564467269,2434.4371723945183,8532.064986043015,UT
2,9957.250474777147,9794.40877578517,6494.607080332007,14287.677792336988,UT
3,6007.52443428711,5882.495637457507,3648.4149590313277,9056.789373137099,UT
4,3548.1987294134224,3426.092477474628,1995.9579111023181,5782.437093020198,UT
5,8496.950315369175,8354.669064776423,5496.266209763909,12265.957659649797,UT
1,20881.29152867012,20189.099112634678,11366.931009978329,34316.405266603506,VA
2,26287.32573337814,25686.076437337655,16461.126054583056,39511.269793116975,VA
3,23583.042653908135,23069.87923788697,14604.199509704427,35562.33501979703,VA
4,16351.207397478447,15673.25302669263,8619.664135251038,27994.864520399933,VA
5,30886.729267244293,30480.383361284763,21138.57890040279,42865.7215421478,VA
1,1750.874254879564,1512.5906188035551,554.7452370174092,4358.144666109315,VT
2,2802.2952716222353,2481.2664367724806,980.7973836688813,6293.560997710564,VT
3,2987.7418695477854,2773.04318979381,1115.0201016519948,6015.04126877541,VT
4,555.1596317960506,510.5263337488942,216.21682191645985,1153.9673519920536,VT
5,5206.998677098666,5080.290244368243,2357.080019131706,8816.294273917392,VT
1,14310.953417732742,13945.69201433977,8363.410032488455,22343.93688382596,WA
2,31817.155765739488,31453.734265246938,22059.28709055087,43589.94438312248,WA
3,20565.134925904826,20277.62825192573,13730.661168580455,29113.92424015593,WA
4,13926.788708239055,13625.944673815295,8643.589934005788,20916.277196643492,WA
5,33008.149320485805,32691.24754549206,23388.36733780772,44524.50881984195,WA
1,9395.297917002072,8883.438968468265,4704.393783565697,16900.791351288342,WI
2,15624.516084651428,15124.427331256877,9519.022143090775,24451.60421041858,WI
3,12511.29861885036,12158.712864651698,7366.85357474355,19660.72663207185,WI
4,7181.207703666829,6891.040251980079,4118.630342855615,11915.68972357424,WI
5,22445.462272960438,22135.98588196996,14602.990911862309,32037.540454366423,WI
1,2967.9767956902747,2726.5593029928577,1143.545438793028,6134.834090818498,WV
2,4837.895804208292,4556.863049113982,2232.1029808292396,8971.08172183598,WV
3,4346.483467401133,4141.80676746137,2058.4652259266895,7765.173352418702,WV
4,1986.3648764396603,1854.637886882264,874.2000968386543,3846.9661063975163,WV
5,7724.256025947499,7554.7442670639,4175.7756183213405,12211.346903367967,WV
1,863.3094576778357,723.5178742566851,238.68425327100675,2288.9504401055115,WY
2,1737.1987080229196,1554.410657299181,587.0286724901038,3826.278629389602,WY
3,1878.2660814363426,1758.0897827510955,711.374557324108,3700.457218002558,WY
4,305.8819366259506,278.45124250033234,114.42454740355267,657.3153043259426,WY
5,2489.962325750459,2386.405525364968,1085.5391174683637,4458.684802694108,WY
