state,age,mean,median,q025,q975
AK,1,0.028843834349333703,0.026546621817638488,0.01044059630116625,0.05997371720088284
AK,2,0.03411317598209285,0.032697603157048546,0.016696315167315356,0.05939372309847176
AK,3,0.02999346723263181,0.028829453874937433,0.014579382683693009,0.05188161481905867
AK,4,0.015277167601392846,0.014124781945550956,0.006105783948514558,0.031006584918591196
AK,5,0.021359958924659445,0.0206990444284042,0.010956478353159441,0.03539607257506055
AL,1,0.03626905493384506,0.03456997830041354,0.018402508342964915,0.06335194840966636
AL,2,0.03741805562143105,0.036183308075240145,0.021157179748245873,0.06053518386949408
AL,3,0.03331936138645725,0.03242283225804278,0.019375511236882543,0.05227054643926307
AL,4,0.020329216136082563,0.01950893435233836,0.01093987910079632,0.03438208488219239
AL,5,0.022438177971234863,0.022026031520059143,0.013742411111661544,0.03337574218100656
AR,1,0.03340050930182302,0.030696246467866152,0.012343768616704918,0.0693796271246957
AR,2,0.0410238730986269,0.03890932318622402,0.019335183609153095,0.07409204936725851
AR,3,0.036543362558612104,0.03499682022966064,0.01745884026163762,0.06417307043046472
AR,4,0.01638100323506532,0.015243186108808156,0.006867619112848713,0.03243083562720629
AR,5,0.025377423515639565,0.024795788066767466,0.013362430468051804,0.04060837713140473
AZ,1,0.022308336876287443,0.021058432219477903,0.011305387624580153,0.04057579810863275
AZ,2,0.04546429327127614,0.04441540376352851,0.027643032153803173,0.0689517316873486
AZ,3,0.023931756999824028,0.022897656916866918,0.013212091911186713,0.040443109927369957
AZ,4,0.02181821980671114,0.020808333229250804,0.011617835781338287,0.037720682859747445
AZ,5,0.028381474543255354,0.02782666600909134,0.018023301072343487,0.041756933852382605
CA,1,0.030136969280299627,0.029056785830862776,0.017161166531086382,0.04935708830938894
CA,2,0.0515116889828592,0.05057789354138792,0.0331945501367766,0.07494694137081799
CA,3,0.02880594582334636,0.027884847876225097,0.017493901263938464,0.04534770533772764
CA,4,0.02680267292592882,0.025908392612750755,0.01578880335622965,0.04292646741445033
CA,5,0.03251306189497329,0.03191196821890377,0.021088769702646806,0.047225813817201125
CO,1,0.039008129652181506,0.03784642371198926,0.022415267774137722,0.06204715557755944
CO,2,0.047721731481136224,0.047103083365159594,0.03295878849775307,0.06582612139920596
CO,3,0.035638037550930285,0.0351342740913958,0.02354880468344785,0.05068620774217802
CO,4,0.025888603422527967,0.025315363546066068,0.015938166413949482,0.039215043755535806
CO,5,0.028322284429335442,0.028038997726756214,0.01971563859551464,0.03869775674341839
CT,1,0.0,0.0,0.0,0.0
CT,2,0.0,0.0,0.0,0.0
CT,3,0.0,0.0,0.0,0.0
CT,4,0.0,0.0,0.0,0.0
CT,5,0.0,0.0,0.0,0.0
DC,1,0.05169039670330005,0.04659938502728167,0.017510997600889717,0.11480747367487938
DC,2,0.13062191527385233,0.12774072586990204,0.07623211158176017,0.20060189409007753
DC,3,0.06104618546944556,0.05756586014946474,0.026462198346656026,0.11539365770355657
DC,4,0.0594786933474161,0.055678874158392615,0.025698542592744632,0.11447614931620813
DC,5,0.08696463053556823,0.08404922711628038,0.04515324487413403,0.1453289092196171
DE,1,0.07291066482578037,0.06656363695405051,0.03329680281182837,0.15170454557820315
DE,2,0.0748796439835061,0.06728872050439766,0.03224655158067098,0.15769393333365594
DE,3,0.08532136256705711,0.07979515771340685,0.039835983446694215,0.16096851516913008
DE,4,0.0282805344906213,0.026923297239878324,0.013869860509611124,0.050561565719639344
DE,5,0.06333216232401863,0.0622275833011518,0.032672419892320295,0.10075512282386918
FL,1,0.04853890658641522,0.04714822149511046,0.028084557044465157,0.0767206495218141
FL,2,0.055182695470254284,0.05447734476545014,0.03803060888887481,0.07633564942258557
FL,3,0.039421870590986695,0.03881828542494142,0.026434214397621718,0.05574881332504906
FL,4,0.0352000587203994,0.03441245883804924,0.02179129366791198,0.0531111623212194
FL,5,0.03257670669458019,0.03222475118844231,0.02348229094408475,0.0437103422798247
GA,1,0.0453734601244289,0.044096366688591876,0.025689828936705735,0.07210860781542111
GA,2,0.04553442301033581,0.044756131491670584,0.030092283519824285,0.06552991752488702
GA,3,0.03911317026944962,0.03843517024301419,0.025098392001911,0.05695014906301311
GA,4,0.027987723359720135,0.02712213710712235,0.016158292038798865,0.04480723505878594
GA,5,0.02698300208807932,0.026684760514483187,0.018659920207867508,0.03703047681444657
HI,1,0.04500548962900446,0.041263500340340875,0.01600001623140057,0.0949203315329414
HI,2,0.052479894064267646,0.05018761328863959,0.025694056530193736,0.09214437794853365
HI,3,0.04467211499289224,0.042878426931336366,0.022024173382572853,0.07700765625122108
HI,4,0.02642049509148388,0.024518213648823478,0.010777081604447002,0.05307108747845959
HI,5,0.033136144616493696,0.03225718128213477,0.018055088455166637,0.05301529294029337
IA,1,0.032315952530676165,0.029854926981377476,0.012023247016603076,0.0664066121990813
IA,2,0.04087822832880984,0.0387818448976448,0.01921037216709444,0.07390657914268224
IA,3,0.03598580674377894,0.034527110360051454,0.017248227672777963,0.0627912086275992
IA,4,0.0171264875232986,0.01589533934971342,0.007020675815704775,0.03430228343623729
IA,5,0.02510951356337342,0.024561526855347574,0.013266440331050133,0.0399684170929235
ID,1,0.02789844281665448,0.02581190531066113,0.01024049859353887,0.05715590604706604
ID,2,0.03477523777346976,0.03334085798333242,0.017047307027042633,0.060544702132533434
ID,3,0.02866519588787116,0.02758946463401643,0.01433990561619256,0.048997720117404685
ID,4,0.01756649170979592,0.016312694697565706,0.007204826221933967,0.03507936301330396
ID,5,0.021180073475181995,0.020611800173350354,0.011536157108347387,0.03391888401285493
IL,1,0.03504365159156154,0.03417739203862552,0.020734845266031143,0.054320837663053
IL,2,0.046631651269097664,0.045963650446288265,0.03102692170859874,0.06585452710965646
IL,3,0.032428242921199765,0.0318821489943756,0.020995897301274897,0.04695202657242173
IL,4,0.023839982395382653,0.02326875295735164,0.014503299308553649,0.03641561177383709
IL,5,0.028348506074932774,0.02803733843962126,0.01984228929778454,0.03854422315881321
IN,1,0.03840484428346173,0.0370771432253723,0.021480294771039153,0.06267931956274042
IN,2,0.042532023036435856,0.04147221953759693,0.027282046590765788,0.06356003583790222
IN,3,0.03611484729843784,0.03534647875719095,0.02260018413673096,0.05408506571964534
IN,4,0.022565802480961274,0.021950615994364087,0.013471772139571953,0.03518741453339928
IN,5,0.025765126242714615,0.02544575138444585,0.017355650647867496,0.03597818247945862
KS,1,0.0345361699889418,0.03306372574130727,0.017977722435823608,0.05910921110144698
KS,2,0.03544628812530718,0.0341570497315687,0.019999429428782422,0.05796043560284281
KS,3,0.033553589157764505,0.03266421870339355,0.01960553646922573,0.05258118785978401
KS,4,0.019280287862783026,0.018628873033436237,0.010538387877148751,0.03175342797112638
KS,5,0.021795282894340594,0.021411515746833584,0.01326993499197794,0.032432738051138776
KY,1,0.038871928394312,0.036140698609601396,0.01933957630638644,0.07431690847011824
KY,2,0.04854747803346344,0.04596956540673694,0.027377092332829315,0.0827387747964152
KY,3,0.04413095880260526,0.042337532229105884,0.023907594099284613,0.07415367263779785
KY,4,0.01884145366942909,0.018284694154404757,0.011313426776578093,0.029447460513561417
KY,5,0.030714977963602723,0.030090472263446508,0.018740325660400157,0.04608048966901203
LA,1,0.03541894893562536,0.032645084983707516,0.012934518616896951,0.07366274605737581
LA,2,0.04106683146285295,0.03947950227931842,0.020870037813075337,0.07043144539413236
LA,3,0.03124015172881835,0.030120222770803416,0.016024019295533244,0.052897512197206405
LA,4,0.023168171937396474,0.02153221482417209,0.009514751114238973,0.04622379790516752
LA,5,0.023476992902744402,0.022667919379593775,0.01261307766968547,0.03887831057927851
MA,1,0.058316352787394714,0.05645739378605669,0.03212430657156692,0.09524056798327506
MA,2,0.05099051615914455,0.04998091720405096,0.033765072156869476,0.07411757242513049
MA,3,0.041829996010564516,0.040787029127171755,0.02610153761184591,0.0634854557471523
MA,4,0.038300194707611826,0.03694872741392263,0.021296704860623725,0.06295697902273967
MA,5,0.02902663961716115,0.028568997238296145,0.019845314655067146,0.0407437204264073
MD,1,0.053632608889655486,0.051395832916854164,0.027028131368723396,0.09298241875047399
MD,2,0.0425191510730287,0.041281263712937215,0.02590346319032558,0.06614901658111155
MD,3,0.03851932040448733,0.03742410128935775,0.02283364775605087,0.060495353208050384
MD,4,0.03219364921601143,0.03069078819421609,0.01597128832305359,0.05701704119045523
MD,5,0.02522164414186318,0.02473040324042226,0.0167521589182107,0.03645954944582783
ME,1,0.05073907862030732,0.04596533268714026,0.01757179364447285,0.11029830359636528
ME,2,0.06330948855384484,0.05960273260743743,0.028794404202669287,0.1180867499764282
ME,3,0.057032866823273055,0.054267856406806605,0.026386409790600075,0.10310202983159453
ME,4,0.02492181055459849,0.023135777753017756,0.010166937844708908,0.04994859584039385
ME,5,0.03824993639240823,0.037583921618875804,0.02080275630093148,0.05963567875809455
MI,1,0.03709698473733412,0.03598357664547734,0.021186067640496024,0.059172544208351226
MI,2,0.04091860931480027,0.04010312788092005,0.027050398964890622,0.05918961287174644
MI,3,0.03388365135004802,0.03321689592132307,0.021612059563765763,0.049998082244572244
MI,4,0.023010543168787454,0.02243051967611765,0.01398978197539622,0.03535327268222835
MI,5,0.025355263979662444,0.025142262206234053,0.017880580391530704,0.034086402854517465
MN,1,0.03420728665177012,0.0330241686354911,0.019566327856049524,0.05575049396828192
MN,2,0.04602693703241899,0.04513111051059013,0.03006701169085664,0.06685052156728245
MN,3,0.03499288450905735,0.03430495632041056,0.022059308464230435,0.05188516451195726
MN,4,0.02220901331353637,0.021669204153364482,0.01348214729856459,0.03398017882766367
MN,5,0.028270705021545682,0.028012734913055073,0.019463776616262796,0.038602972107468596
MO,1,0.04030314313845889,0.03872885282262797,0.022347667134588106,0.0671902094146618
MO,2,0.04545199512909658,0.04413271482521065,0.028899562056545043,0.06923483639196204
MO,3,0.03915314932553066,0.038177233299643884,0.024024293575610374,0.05988446899100301
MO,4,0.02265824926037594,0.02203934244163641,0.013525260793418368,0.03539495013009458
MO,5,0.02788084521404235,0.02755793027000946,0.018804117915739323,0.03878321218980662
MS,1,0.030257320609324775,0.027057071107000664,0.012010672754711016,0.06698242485517797
MS,2,0.038208282640727786,0.035152942504043654,0.016529291318599586,0.07560350750643544
MS,3,0.03886213291216011,0.0368198854352849,0.017818112787120578,0.0711235244900422
MS,4,0.01249992219994189,0.011851756533838582,0.006287769618068325,0.022528277629324394
MS,5,0.0247403839014452,0.023989130148103503,0.012535437275360344,0.04108933873712689
MT,1,0.029307735082561563,0.02655756836449119,0.01028389973518771,0.06405131585371646
MT,2,0.03733654531492419,0.034781710337408005,0.016390875032148956,0.07207406323282028
MT,3,0.03598023957559889,0.034147504254106856,0.015951801302062984,0.06624814009199013
MT,4,0.012755454429612956,0.011798267181665786,0.005147625850886157,0.025793792148362343
MT,5,0.024367851306501858,0.023816391402961407,0.012475346162788363,0.03936044243128726
NC,1,0.03390780288306376,0.032199516831037,0.017526125117868996,0.05963750872631047
NC,2,0.04300469825333959,0.041815602849628195,0.026916712419342473,0.06569304819370124
NC,3,0.03391787317285471,0.03299632764752018,0.020356679250246437,0.05260719855740713
NC,4,0.02117449463896286,0.02046832140481015,0.01263884496254862,0.033778576892406716
NC,5,0.02690574174229445,0.026524322451136846,0.01750950481362092,0.03846517381126806
ND,1,0.03656939880087557,0.03381813862487475,0.013539587241834308,0.07496135545550171
ND,2,0.04097568067567711,0.03921357057974913,0.0198215290107286,0.07205762729604454
ND,3,0.03400659824913956,0.03265867915291064,0.01651911497341888,0.058924578928188975
ND,4,0.018350591680440433,0.016818887653981773,0.0070882845485706805,0.03826662807073259
ND,5,0.02380109325789033,0.023099229836479045,0.012362930511466166,0.0391578709585844
NE,1,0.031820362644810266,0.029407988440408282,0.01167551734717638,0.06528766163859796
NE,2,0.03901166244638509,0.03728723478209741,0.01895875794663437,0.06860730407144197
NE,3,0.03301971784911816,0.031784800627830526,0.01628874768908152,0.056610541285883755
NE,4,0.01765783530220767,0.016390388791403122,0.007195144541307924,0.03543734980923837
NE,5,0.02356445667800664,0.023023893287970193,0.012541735262113824,0.03769389312309354
NH,1,0.04975731401966721,0.04659958658982963,0.024357183388734927,0.0935636822462185
NH,2,0.051973056935965184,0.048928624553888474,0.026680239511188544,0.09358427274425364
NH,3,0.051932133013189684,0.04972782563023839,0.02756757204518469,0.08855366361330924
NH,4,0.023945148673896362,0.02308630787820387,0.01294197689942872,0.03968027204531051
NH,5,0.032771484855865354,0.03219972656029062,0.01923343805843935,0.04934031860200981
NJ,1,0.04849103621925416,0.046576525587498224,0.024932248614723068,0.0830615692069917
NJ,2,0.04075703953042384,0.039747888957565314,0.025958861345588613,0.06127107974010971
NJ,3,0.03321010126957058,0.03224435119863422,0.019854364030666923,0.05198311986051542
NJ,4,0.03125811825465031,0.03003306113395073,0.016875587339138555,0.052724530591036115
NJ,5,0.023182069577567972,0.022759117338315066,0.015447062623331892,0.033357357323159996
NM,1,0.04128363537624824,0.03813774775433147,0.015033923345357185,0.08520153216921805
NM,2,0.04917478428778149,0.047256538025065284,0.024275790581722433,0.08489790479848948
NM,3,0.040764445766373794,0.039325285728063195,0.020394176220965395,0.06924896480373227
NM,4,0.025463035736113637,0.023614092929016745,0.01038190111171778,0.05120762260371026
NM,5,0.029446487353354724,0.02859384053291153,0.016119708101567945,0.04741608478955208
NV,1,0.02615262642394939,0.02485018063745698,0.012505491186063296,0.047398638375394736
NV,2,0.05036657134949542,0.04939373315461761,0.03152172006092866,0.07466280867332974
NV,3,0.027910008059166304,0.027013951898728718,0.015765900236116258,0.0452438501689743
NV,4,0.02338493709191322,0.022458324667968113,0.012554271312627723,0.039494776441044745
NV,5,0.032206716512580086,0.03165085436214775,0.02076129328083847,0.04654120364161126
NY,1,0.03825005909275672,0.037281391804092116,0.022674933718344403,0.059214961733266486
NY,2,0.05638580811024096,0.05557254554538378,0.03756052148141945,0.07965099210013603
NY,3,0.03555747170580829,0.03484069434789371,0.022893277002213833,0.05227105693068404
NY,4,0.02853095001309645,0.027831129482976308,0.017508566603758283,0.04361325601705391
NY,5,0.03381110985127256,0.033393808187414074,0.023537932429269916,0.04632946050843993
OH,1,0.03584343939449547,0.03452182822880634,0.02024726902450915,0.05890340984461905
OH,2,0.045632432472280555,0.044660176559787705,0.029920504857644078,0.06651868627404742
OH,3,0.035246444058689,0.03448878504155539,0.022122656461836625,0.05274347958380545
OH,4,0.02253585491603616,0.022003484355761486,0.013941147105712365,0.03413052245965302
OH,5,0.02763138347751022,0.027339159630406763,0.019173241280215334,0.03776160456130296
OK,1,0.031943775004868204,0.02968535335052598,0.016462306645948454,0.06081938960558972
OK,2,0.04501545240317506,0.04313214341815749,0.0261551039327791,0.07390450499998293
OK,3,0.03828828670916478,0.03688433262498733,0.02100132351418462,0.06341436570693183
OK,4,0.016506961128710078,0.016030835548719136,0.00963824798873545,0.02602848268749678
OK,5,0.029453127703010715,0.02888261643536999,0.018260414686641857,0.043751787453945534
OR,1,0.04546996137998577,0.04397894956469434,0.025734919799320688,0.073503975310247
OR,2,0.054375563279829224,0.053384305856255115,0.0363427243377503,0.07776898833233094
OR,3,0.0428571929351639,0.04208868456935473,0.027742658119193853,0.06248729753714223
OR,4,0.02943260496938216,0.028760095166686317,0.01813028865226297,0.04464992622080755
OR,5,0.0328475091954206,0.032540241400859996,0.02278195480621616,0.04474248428090537
PA,1,0.03839515895069771,0.037231581808371536,0.021971046695642156,0.061258396410634214
PA,2,0.04450634894202911,0.04379067808786904,0.03001077835458161,0.06281538497751743
PA,3,0.03426503194137883,0.033692615782465234,0.022370448805842276,0.049423265433094714
PA,4,0.025038676786273428,0.024398566259443675,0.01523079522127802,0.0384860707917538
PA,5,0.026213037883659945,0.02596714068329635,0.01864294556183051,0.035224873513688984
RI,1,0.03759684956072293,0.036335078082988366,0.01997614841530031,0.06227659284577648
RI,2,0.048856139010173966,0.04793441918549422,0.030536552636195546,0.07238347202398909
RI,3,0.030783195428829378,0.029920421542968,0.017936326971598703,0.04840483192368366
RI,4,0.029278811827930795,0.02836230424226721,0.016189545725190345,0.04755323801847567
RI,5,0.02961440891247621,0.029150670086330134,0.019429306063662794,0.04246279228446194
SC,1,0.03651408771089757,0.03398300090553996,0.015482183028627491,0.07169446444299649
SC,2,0.03967096571045874,0.038226904489854774,0.021238507162267627,0.06652935565389774
SC,3,0.03109276233719801,0.030043805821190112,0.017231426060539602,0.05075870345782963
SC,4,0.02324936028164232,0.021853533130626508,0.0110857259280228,0.04343311682098982
SC,5,0.022890034662623793,0.022234395313597142,0.01329135381911806,0.03625079736809887
SD,1,0.02616521270671354,0.02334136801650583,0.008606109273536382,0.05988098880070781
SD,2,0.03414165274517262,0.03173531229899122,0.014657978051028238,0.06640596246771695
SD,3,0.03224888228561631,0.030543215573143486,0.014308870673037403,0.059560622885891486
SD,4,0.011444849469454661,0.01061002690128395,0.004633509535737125,0.023075273155595072
SD,5,0.021250481402169438,0.020653772218336034,0.010622393986934148,0.03522042405707658
TN,1,0.03368340682929175,0.032159682236825464,0.018447200793107407,0.05775419369052003
TN,2,0.04349325663316072,0.04232230399196236,0.027921041040136995,0.06532912050058635
TN,3,0.03449914289807924,0.0335750882925344,0.02097614792647464,0.053286138383672126
TN,4,0.01992832506738568,0.019424374263942376,0.012261217877345116,0.03044441297783411
TN,5,0.02671529123789663,0.026388797060417475,0.017724870438094283,0.03762949808514167
TX,1,0.02905283040440455,0.028305664518775964,0.017261952941526895,0.04485783191817797
TX,2,0.04276717249834321,0.04222782764043399,0.029032587583045347,0.05960746387657687
TX,3,0.02796755442470444,0.027487957446440572,0.01834601732580517,0.04028223576524327
TX,4,0.022124571734620617,0.021597118068888813,0.013623287158602393,0.03360859914301964
TX,5,0.026447728272102653,0.02609159830727365,0.01815441206813557,0.036637191217164536
UT,1,0.02494611192674223,0.02380954772294843,0.012462644529861894,0.04364829059081393
UT,2,0.039763127451716035,0.03911603413868922,0.0259351045966195,0.057050359696603166
UT,3,0.025562167161781862,0.02502691593112765,0.015524053397662482,0.03853805561993269
UT,4,0.01928232643554251,0.018620199453587012,0.010853717766917265,0.03142323193149703
UT,5,0.02527311831717438,0.02484908111486725,0.01634981174233973,0.03648021135628017
VA,1,0.0506558848962503,0.04898660438065948,0.02756234003916515,0.08324007978461885
VA,2,0.04439741091426557,0.04338599509145266,0.02780621874049202,0.06673398202545504
VA,3,0.04046626260896024,0.03958533557596383,0.025075650254888632,0.0610183467214115
VA,4,0.03018693238788096,0.02893521142344546,0.01591322869666071,0.051673409859311084
VA,5,0.026215836348147115,0.025875022241942228,0.017940044290149514,0.03639991326114492
VT,1,0.05269380533527216,0.04552547402060218,0.016683029913696246,0.1312187069664237
VT,2,0.07206089679724419,0.06378846916040136,0.025226702510113715,0.16190208302962691
VT,3,0.07736084166951503,0.07182844886452797,0.02891070402114076,0.15600044485820205
VT,4,0.014198035941236472,0.013053960668798239,0.005527651105129023,0.02950281538478419
VT,5,0.04740875318037237,0.046238104123248816,0.021477452497086696,0.08033914673544684
WA,1,0.0419660892565026,0.04089373620344852,0.024515816272816838,0.06553236300895189
WA,2,0.0522414856105953,0.05164641898838609,0.036226525929793196,0.07156829770207422
WA,3,0.03661620479386082,0.03610554189823243,0.024447307139748672,0.05181526031942921
WA,4,0.029267638288213462,0.028636456056969593,0.018160191158100723,0.04396910534479892
WA,5,0.03138030182939387,0.03107767210202942,0.022240298805862042,0.0423409940442938
WI,1,0.03371932349179337,0.031881761402363436,0.016888412180191676,0.0606244248242889
WI,2,0.0415125362768782,0.040183312684607266,0.0252963159059948,0.06497031315806198
WI,3,0.033136011701207384,0.03220122288315487,0.019517163557397136,0.052072472903113044
WI,4,0.020092822032568007,0.019282925348815847,0.011526625419161687,0.03333035252494895
WI,5,0.024773362585972597,0.024428230521508075,0.01611971587957608,0.03536213629645329
WV,1,0.03654385404340872,0.03356875339269346,0.0140732569585731,0.075566815485808
WV,2,0.04413101274326279,0.04157050638816342,0.020372998739244193,0.08178899030493889
WV,3,0.0399278124836956,0.03804688720947563,0.01890036924935105,0.07135879194623992
WV,4,0.01732453332469292,0.016176586933746413,0.007620347376967176,0.03355573048953546
WV,5,0.026501869666254042,0.025922280662637687,0.014340411584243205,0.041856925142896
WY,1,0.03154472764892262,0.026423590977766365,0.008714962488306737,0.08373075601624584
WY,2,0.04473917437765204,0.0400163442600716,0.015133995240753114,0.0985424647240843
WY,3,0.046938001668381,0.043912436978694395,0.017771378759844064,0.0922943549025084
WY,4,0.009058477178610243,0.008247738818777252,0.0033884488913319432,0.01945580403714725
WY,5,0.028162104434250178,0.026987917848551417,0.01227929447771289,0.050439235107597825
